Blob,FD,SC,SAK
Blob_xmi_ArgoUML,FD_xmi_ArgoUML,SC_xmi_ArgoUML,SAK_xmi_ArgoUML
Blob_xmi_Azureus,FD_xmi_Azureus,SC_xmi_Azureus,SAK_xmi_Azureus
Blob_xmi_GanttProject,FD_xmi_GanttProject,SC_xmi_GanttProject,SAK_xmi_GanttProject
Blob_xmi_JHotDraw,FD_xmi_log4j,SC_xmi_JHotDraw,SAK_xmi_log4j
Blob_xmi_Nutch,FD_xmi_Nutch,SC_xmi_Lucene,SAK_xmi_Lucene
Blob_xmi_Xerces,FD_xmi_PMD,SC_xmi_Nutch,SAK_xmi_Nutch
Blob_xmi_Xerces2,FD_xmi_Xerces2,SC_xmi_Xerces,SAK_xmi_PMD
,,SC_xmi_Xerces2,SAK_xmi_QuickUML
,,,SAK_xmi_Xerces
,,,SAK_xmi_Xerces2
